metric,value
fidelity_mae,0.20498997239390349
fidelity_corr,0.9999836326617267
